{
  "roc_auc": 0.9505030181086519,
  "eer": 0.13827967806841046,
  "eer_threshold": 0.6820250391960144,
  "tar_at_far_001": null,
  "tar_at_far_0001": null,
  "tar_at_far_1e3": null,
  "tar_at_far_1e4": null,
  "total_impostors": 71,
  "min_measurable_far": 0.014084507042253521,
  "far_001_supported": false,
  "far_0001_supported": false,
  "far_1e3_supported": false,
  "far_1e4_supported": false,
  "accuracy": 0.8625592417061612,
  "precision": 0.9236641221374046,
  "recall": 0.8642857142857143,
  "f1": 0.8929889298892988,
  "far": 0.14084507042253522,
  "frr": 0.1357142857142857,
  "TP": 121,
  "FP": 10,
  "TN": 61,
  "FN": 19,
  "n_samples": 211,
  "latency_mean_ms": 0.0029037914655806654,
  "latency_std_ms": 0.0067427816308933295
}