{
  "roc_auc": 0.8809081847785246,
  "eer": 0.2131027428714566,
  "eer_threshold": 0.4120600835717393,
  "tar_at_far_1e-2": 0.11764705882352941,
  "num_impostors": 169080,
  "min_measurable_far": 5.914360066240833e-06,
  "far_supported": true,
  "accuracy": 0.8926746166950597,
  "precision": 1.0,
  "recall": 0.7820069204152249,
  "f1": 0.8776699029126214,
  "far": 0.0,
  "frr": 0.2179930795847751,
  "TP": 226,
  "FP": 0,
  "TN": 298,
  "FN": 63,
  "n_samples": 587,
  "seed": 7
}