{
  "roc_auc": 0.8564163273460831,
  "eer": 0.22789595394682893,
  "eer_threshold": 0.4129444501805516,
  "tar_at_far_1e-2": 0.030303030303030304,
  "num_impostors": 121946,
  "min_measurable_far": 8.200350975021731e-06,
  "far_supported": true,
  "accuracy": 0.8792756539235412,
  "precision": 1.0,
  "recall": 0.7683397683397684,
  "f1": 0.868995633187773,
  "far": 0.0,
  "frr": 0.23166023166023167,
  "TP": 199,
  "FP": 0,
  "TN": 238,
  "FN": 60,
  "n_samples": 497,
  "seed": 42
}