{
  "roc_auc": 0.9441901024634838,
  "eer": 0.15489426640505777,
  "eer_threshold": 0.6826626777648925,
  "tar_at_far_001": null,
  "tar_at_far_0001": null,
  "tar_at_far_1e3": null,
  "tar_at_far_1e4": null,
  "total_impostors": 66,
  "min_measurable_far": 0.015151515151515152,
  "far_001_supported": false,
  "far_0001_supported": false,
  "far_1e3_supported": false,
  "far_1e4_supported": false,
  "accuracy": 0.8439024390243902,
  "precision": 0.9212598425196851,
  "recall": 0.841726618705036,
  "f1": 0.8796992481203008,
  "far": 0.15151515151515152,
  "frr": 0.15827338129496402,
  "TP": 117,
  "FP": 10,
  "TN": 56,
  "FN": 22,
  "n_samples": 205,
  "latency_mean_ms": 0.002092682920991182,
  "latency_std_ms": 0.0012170716965867242
}