{
  "roc_auc": 0.9427771108443377,
  "eer": 0.1557122849139656,
  "eer_threshold": 0.71178218126297,
  "tar_at_far_001": null,
  "tar_at_far_0001": null,
  "tar_at_far_1e3": null,
  "tar_at_far_1e4": null,
  "total_impostors": 68,
  "min_measurable_far": 0.014705882352941176,
  "far_001_supported": false,
  "far_0001_supported": false,
  "far_1e3_supported": false,
  "far_1e4_supported": false,
  "accuracy": 0.8465116279069768,
  "precision": 0.9191176470588235,
  "recall": 0.8503401360544217,
  "f1": 0.8833922261484098,
  "far": 0.16176470588235295,
  "frr": 0.14965986394557823,
  "TP": 125,
  "FP": 11,
  "TN": 57,
  "FN": 22,
  "n_samples": 215,
  "latency_mean_ms": 0.002156279056497476,
  "latency_std_ms": 0.0024279851140264746
}