{
  "roc_auc": 0.8895215774328622,
  "eer": 0.1979697009983539,
  "eer_threshold": 0.41253008861864265,
  "tar_at_far_1e-2": 0.1349206349206349,
  "num_impostors": 281891,
  "min_measurable_far": 3.547470476176962e-06,
  "far_supported": true,
  "accuracy": 0.9186785260482846,
  "precision": 1.0,
  "recall": 0.8274932614555256,
  "f1": 0.9056047197640117,
  "far": 0.0,
  "frr": 0.1725067385444744,
  "TP": 307,
  "FP": 0,
  "TN": 416,
  "FN": 64,
  "n_samples": 787,
  "seed": 21
}